{"_timestamp":1.7455910202836456e+09,"_runtime":149.66436994,"_step":10,"epoch":10,"_wandb":{"runtime":149},"train_loss":NaN,"val_loss":NaN,"learning_rate":6.25e-05}