{"_step":10,"epoch":10,"train_loss":0.03455712829386718,"_wandb":{"runtime":123},"val_loss":0.07290179566690251,"learning_rate":0.001,"_timestamp":1.7455167894262993e+09,"_runtime":123.115402358}