{"learning_rate":0.0005,"train_loss":0.06948765479671197,"epoch":10,"_step":20,"_timestamp":1.7454240984254093e+09,"_wandb":{"runtime":496},"batch_size":512,"output_dim":128,"val_loss":0.09924346746058361,"_runtime":227.65233616}