{"val_loss":0.16858649027347564,"learning_rate":6.25e-05,"_wandb":{"runtime":106},"_timestamp":1.7455109736081226e+09,"_runtime":106.103537656,"_step":20,"epoch":20,"train_loss":0.057273103694121044}