{"epoch":1,"_step":12,"train_loss":0.11698278172237665,"fold_losses":[0.021169384328970767,0.021597359500093394,0.021902195906909352,0.02156803084692258,0.021456816502254148],"output_dim":128,"avg_cv_loss":0.021538757417030048,"_wandb":{"runtime":114},"_timestamp":1.7454051649617362e+09,"_runtime":114.334990419,"val_loss":0.10452651641946273,"batch_size":512,"learning_rate":0.001}