{"val_loss":0.1540124888420105,"learning_rate":0.001,"_timestamp":1.7455116480219355e+09,"_runtime":70.92181197,"_step":10,"epoch":10,"train_loss":0.08717979800701141,"_wandb":{"runtime":70}}