{"_step":10,"epoch":10,"_wandb":{"runtime":128},"train_loss":0.04316261865347867,"val_loss":0.0731373673277924,"learning_rate":0.001,"_timestamp":1.7455840344847028e+09,"_runtime":128.883963425}