{"_wandb":{"runtime":112},"val_loss":0.07929497892590301,"learning_rate":0.001,"_timestamp":1.7455170719822195e+09,"_runtime":112.535430732,"_step":10,"epoch":10,"train_loss":0.051218061859466556}