{"_wandb":{"runtime":238},"val_loss":0.07936036660538161,"learning_rate":0.0005,"_timestamp":1.7455849853164575e+09,"_runtime":238.70684093,"_step":10,"epoch":10,"train_loss":0.05883332842457804}