{"train_loss":0.0578290077695477,"_wandb":{"runtime":1618},"_timestamp":1.7454102946889887e+09,"_runtime":1618.575749978,"val_loss":0.09990537063370294,"_step":166,"fold_losses":[0.019797407549478473,0.019849510102155164,0.019926853166898104,0.019636279584663685,0.01951862602574605],"epoch":15,"avg_cv_loss":0.019745735285788296,"output_dim":128,"batch_size":512,"learning_rate":0.00025}