{"val_loss":0.07931421626377685,"learning_rate":0.001,"_timestamp":1.7455847454145954e+09,"_runtime":176.819892262,"_step":10,"_wandb":{"runtime":176},"epoch":10,"train_loss":0.034774934384012295}