{"_step":10,"epoch":10,"_wandb":{"runtime":185},"train_loss":0.06496523248104104,"val_loss":0.08611260829288338,"learning_rate":0.001,"_timestamp":1.745584410722591e+09,"_runtime":185.988798117}