{"_timestamp":1.7455126826438653e+09,"_runtime":187.555564886,"_wandb":{"runtime":187},"_step":10,"epoch":10,"train_loss":NaN,"val_loss":NaN,"learning_rate":0.000125}