{"val_loss":0.10012618202742637,"batch_size":512,"_runtime":560.750095051,"output_dim":128,"epoch":5,"learning_rate":0.001,"_timestamp":1.7454058878718116e+09,"_step":56,"train_loss":0.08796019470170387,"avg_cv_loss":0.019897125113541657,"fold_losses":[0.02007009184097917,0.0202191518001589,0.019805724262362986,0.019671250312115186,0.019719407352092044],"_wandb":{"runtime":560}}