{"_step":10,"_wandb":{"runtime":121},"epoch":10,"train_loss":0.036394672651289595,"val_loss":0.07354635003827745,"learning_rate":0.001,"_timestamp":1.7455164237109141e+09,"_runtime":121.786996899}