{"train_loss":0.08883220604630807,"val_loss":0.09819297809718162,"learning_rate":0.001,"_timestamp":1.7455171966132731e+09,"_wandb":{"runtime":123},"_runtime":123.008067665,"_step":10,"epoch":10}