{"epoch":10,"train_loss":0.03913605050885898,"_wandb":{"runtime":167},"val_loss":0.0775144645902991,"learning_rate":0.001,"_timestamp":1.745516957942793e+09,"_runtime":167.425435693,"_step":10}