{"_step":10,"_wandb":{"runtime":77},"epoch":10,"train_loss":NaN,"val_loss":NaN,"learning_rate":0.00025,"_timestamp":1.7455117263966498e+09,"_runtime":77.230115932}