{"val_loss":NaN,"learning_rate":0.0005,"_timestamp":1.7455852342352793e+09,"_runtime":247.631681575,"_step":10,"_wandb":{"runtime":247},"epoch":10,"train_loss":NaN}