{"train_loss":0.039905451813518046,"val_loss":0.07610522120392732,"learning_rate":0.001,"_timestamp":1.745512493571518e+09,"_wandb":{"runtime":135},"_runtime":135.212980392,"_step":10,"epoch":10}