{"_runtime":155.228066984,"_step":10,"_wandb":{"runtime":155},"epoch":10,"train_loss":0.03968696026824423,"val_loss":0.0776732887589687,"learning_rate":0.0005,"_timestamp":1.7455845674040956e+09}