{"_step":10,"epoch":10,"train_loss":0.05337760086605188,"val_loss":0.0789509152984329,"learning_rate":0.0005,"_timestamp":1.7455839044381387e+09,"_wandb":{"runtime":146},"_runtime":146.423035367}