{"val_loss":0.09236442891509415,"learning_rate":0.0005,"_timestamp":1.7455842235895832e+09,"_runtime":187.632820721,"_step":10,"epoch":10,"_wandb":{"runtime":187},"train_loss":0.07761431499966055}